{"cameraMode":{"drawMode":0,"name":"Shaded","section":"Shading Mode"},"sceneLighting":true,"audioPlay":false,"sceneViewState":{"showFog":false,"showMaterialUpdate":false,"showSkybox":false,"showFlares":false,"showImageEffects":false,"showParticleSystems":false},"in2DMode":false,"pivot":{"x":404.9295959472656,"y":114.78974914550781,"z":1.4390366077423096},"rotation":{"x":0.0015000003622844816,"y":-0.0014999934937804938,"z":0.0000022500132672576,"w":0.9999977946281433},"size":989.9081420898438,"orthographic":true}